target,model,r2,mae
Phi,CODON+Organism+Usage,0.20555702448822522,30.043589193248554
Phi,AA-only,0.3030766289804332,27.863269666498542
Psi,CODON+Organism+Usage,-0.2256378514744506,80.01903607979854
Psi,AA-only,0.052340102486352125,73.61195946308882
Omega,CODON+Organism+Usage,-0.15164657434218576,156.2413790579537
Omega,AA-only,0.024217036882553278,158.63320762460484
