y,cat,anova_F,anova_p,eta2,kruskal_H,kruskal_p
Phi,AA_from_cDNA,171.8953062975021,0.0,0.33063446469958646,1009.5759400969073,4.792298553995769e-202
Phi,Codon,55.13378019248322,0.0,0.3348535108419558,1071.2598072295514,3.92242339806436e-185
Psi,AA_from_cDNA,23.423203716066904,1.354123449680003e-79,0.06306338290585822,338.2394270175537,2.7386327157658085e-60
Psi,Codon,8.878958386248165,1.930977068650805e-73,0.07499397365637347,406.6112121723381,5.777216989695834e-53
Omega,AA_from_cDNA,12.296252558871709,3.5528374697279174e-38,0.03412817222366898,132.65566334751566,4.576015503264799e-19
Omega,Codon,4.4722742223234,2.008810700754704e-27,0.03923428174211037,156.93173025652504,1.3105761008562732e-10
