{
  "Phi_correlation": {
    "pearson": {
      "r": 0.04814587096715916,
      "p": 0.44944235278266836,
      "n": 249
    },
    "spearman": {
      "rho": 0.06271946063183544,
      "p": 0.32428657432511,
      "n": 249
    },
    "circular": {
      "pearson_sin": {
        "r": 0.0392298194388294,
        "p": 0.537789887223617
      },
      "pearson_cos": {
        "r": 0.04816209759813551,
        "p": 0.44928939516887395
      },
      "combined_strength": 0.062117359717356685
    }
  },
  "Phi_group_comp": {
    "t_test": {
      "t": -0.7867327096372572,
      "p": 0.4322843807486768,
      "n0": 96,
      "n1": 153
    },
    "mannwhitney": {
      "u": 6923.0,
      "p": 0.44715866507240043
    },
    "resultant_length": {
      "group0_R": 0.796294493439147,
      "group1_R": 0.763728119171391
    }
  },
  "Psi_correlation": {
    "pearson": {
      "r": -0.06442889701045798,
      "p": 0.31124756734973935,
      "n": 249
    },
    "spearman": {
      "rho": -0.08925639542114316,
      "p": 0.16027139496947607,
      "n": 249
    },
    "circular": {
      "pearson_sin": {
        "r": -0.04394379562885156,
        "p": 0.4900270306803846
      },
      "pearson_cos": {
        "r": 0.03561650156587536,
        "p": 0.5759102459327177
      },
      "combined_strength": 0.056564939300438356
    }
  },
  "Psi_group_comp": {
    "t_test": {
      "t": 1.1024834155852083,
      "p": 0.27157066923062667,
      "n0": 96,
      "n1": 153
    },
    "mannwhitney": {
      "u": 8114.0,
      "p": 0.16420524382404966
    },
    "resultant_length": {
      "group0_R": 0.20885216875202522,
      "group1_R": 0.2764425272307431
    }
  },
  "Omega_correlation": {
    "pearson": {
      "r": 0.05586163374046107,
      "p": 0.3800892050889402,
      "n": 249
    },
    "spearman": {
      "rho": 0.03484232128168781,
      "p": 0.5842397616239614,
      "n": 249
    },
    "circular": {
      "pearson_sin": {
        "r": 0.05276979994651509,
        "p": 0.40705837208706436
      },
      "pearson_cos": {
        "r": 0.04631327057114644,
        "p": 0.46690480935852186
      },
      "combined_strength": 0.07021090241117431
    }
  },
  "Omega_group_comp": {
    "t_test": {
      "t": -0.5090212979782031,
      "p": 0.6112941712422861,
      "n0": 96,
      "n1": 153
    },
    "mannwhitney": {
      "u": 7111.0,
      "p": 0.6742642924297637
    },
    "resultant_length": {
      "group0_R": 0.9988652158384004,
      "group1_R": 0.998843509571177
    }
  },
  "rama_enrichment": {
    "chi2": 9.639703532987065,
    "p": 0.6475360013139542,
    "dof": 12
  },
  "rama_contingency_table": {
    "Q1": {
      "alpha_helix": 27,
      "beta_sheet": 22,
      "left_helix": 2,
      "other": 5,
      "turn_or_loop": 6
    },
    "Q2": {
      "alpha_helix": 31,
      "beta_sheet": 23,
      "left_helix": 2,
      "other": 4,
      "turn_or_loop": 1
    },
    "Q3": {
      "alpha_helix": 34,
      "beta_sheet": 17,
      "left_helix": 3,
      "other": 6,
      "turn_or_loop": 2
    },
    "Q4": {
      "alpha_helix": 38,
      "beta_sheet": 17,
      "left_helix": 2,
      "other": 3,
      "turn_or_loop": 3
    }
  },
  "Phi_lin_summary": "                            OLS Regression Results                            \n==============================================================================\nDep. Variable:                    Phi   R-squared:                       0.417\nModel:                            OLS   Adj. R-squared:                  0.364\nMethod:                 Least Squares   F-statistic:                     7.746\nDate:                Thu, 28 Aug 2025   Prob (F-statistic):           2.93e-17\nTime:                        15:15:48   Log-Likelihood:                -1291.8\nNo. Observations:                 249   AIC:                             2628.\nDf Residuals:                     227   BIC:                             2705.\nDf Model:                          21                                         \nCovariance Type:            nonrobust                                         \n====================================================================================\n                       coef    std err          t      P>|t|      [0.025      0.975]\n------------------------------------------------------------------------------------\nIntercept          -63.9976      7.915     -8.085      0.000     -79.594     -48.401\nC(AA)[T.C]         -26.7334     24.283     -1.101      0.272     -74.583      21.116\nC(AA)[T.D]          -5.4515     17.937     -0.304      0.761     -40.795      29.892\nC(AA)[T.E]         -13.0494     14.199     -0.919      0.359     -41.028      14.929\nC(AA)[T.F]         -22.7819     20.249     -1.125      0.262     -62.683      17.119\nC(AA)[T.G]         130.7195     13.873      9.423      0.000     103.384     158.055\nC(AA)[T.H]         -29.1960     20.297     -1.438      0.152     -69.191      10.798\nC(AA)[T.I]         -28.8851     13.107     -2.204      0.029     -54.712      -3.058\nC(AA)[T.K]          -7.3062     13.601     -0.537      0.592     -34.106      19.494\nC(AA)[T.L]         -16.3511     13.606     -1.202      0.231     -43.162      10.460\nC(AA)[T.M]         -14.2791     33.176     -0.430      0.667     -79.652      51.094\nC(AA)[T.N]           3.3265     15.921      0.209      0.835     -28.046      34.699\nC(AA)[T.P]          -5.0814     16.465     -0.309      0.758     -37.525      27.362\nC(AA)[T.Q]         -11.5638     15.013     -0.770      0.442     -41.146      18.018\nC(AA)[T.R]         -13.5765     17.923     -0.757      0.450     -48.894      21.741\nC(AA)[T.S]          -0.8625     15.310     -0.056      0.955     -31.031      29.306\nC(AA)[T.T]         -12.1065     13.830     -0.875      0.382     -39.358      15.145\nC(AA)[T.V]         -26.2699     12.093     -2.172      0.031     -50.099      -2.441\nC(AA)[T.W]         -15.9965     21.940     -0.729      0.467     -59.229      27.236\nC(AA)[T.Y]         -32.5350     20.184     -1.612      0.108     -72.307       7.237\nCodon_Freq_c         5.4933     11.342      0.484      0.629     -16.855      27.842\nResidue_Number_c    -0.0391      0.041     -0.946      0.345      -0.120       0.042\n==============================================================================\nOmnibus:                       78.974   Durbin-Watson:                   1.525\nProb(Omnibus):                  0.000   Jarque-Bera (JB):             1003.764\nSkew:                           0.837   Prob(JB):                    1.08e-218\nKurtosis:                      12.693   Cond. No.                         997.\n==============================================================================\n\nNotes:\n[1] Standard Errors assume that the covariance matrix of the errors is correctly specified.",
  "Phi_circ": {
    "m_sin": "<statsmodels.regression.linear_model.RegressionResultsWrapper object at 0x742088a9f810>",
    "m_cos": "<statsmodels.regression.linear_model.RegressionResultsWrapper object at 0x742088aa5590>",
    "beta_sin": 0.0029513819263974296,
    "beta_cos": 0.1564205593270867,
    "p_sin": 0.9686132513520356,
    "p_cos": 0.15760065262954492,
    "combined_magnitude": 0.15644840055262346
  },