{
  "Phi_correlation": {
    "pearson": {
      "r": 0.01637165373554113,
      "p": 0.18167707292744065,
      "n": 6657
    },
    "spearman": {
      "rho": -0.005141741526427971,
      "p": 0.6748939029006888,
      "n": 6657
    },
    "circular": {
      "pearson_sin": {
        "r": 0.03189414997323559,
        "p": 0.009256541223218985
      },
      "pearson_cos": {
        "r": -0.0297893034949275,
        "p": 0.015073623125763071
      },
      "combined_strength": 0.04364217461616852
    }
  },
  "Phi_group_comp": {
    "t_test": {
      "t": -0.7589830094476344,
      "p": 0.4478897902929857,
      "n0": 3334,
      "n1": 3323
    },
    "mannwhitney": {
      "u": 5593740.0,
      "p": 0.48858453172093463
    },
    "resultant_length": {
      "group0_R": 0.8183012385803772,
      "group1_R": 0.7974012239070433
    }
  },
  "Psi_correlation": {
    "pearson": {
      "r": 0.0013487412472091191,
      "p": 0.912397074044797,
      "n": 6656
    },
    "spearman": {
      "rho": 0.007524416797132996,
      "p": 0.5393688039201663,
      "n": 6656
    },
    "circular": {
      "pearson_sin": {
        "r": 0.02088917064660946,
        "p": 0.08836344109457582
      },
      "pearson_cos": {
        "r": 0.0003979836290743848,
        "p": 0.9741027235637506
      },
      "combined_strength": 0.020892961524690116
    }
  },
  "Psi_group_comp": {
    "t_test": {
      "t": 0.22822886625384378,
      "p": 0.8194753345807568,
      "n0": 3326,
      "n1": 3330
    },
    "mannwhitney": {
      "u": 5505238.0,
      "p": 0.6779382734973085
    },
    "resultant_length": {
      "group0_R": 0.24053649145667438,
      "group1_R": 0.24007659689146257
    }
  },
  "Omega_correlation": {
    "pearson": {
      "r": -0.007127094529736204,
      "p": 0.5609702460217594,
      "n": 6657
    },
    "spearman": {
      "rho": 0.007751809821211274,
      "p": 0.527148851123378,
      "n": 6657
    },
    "circular": {
      "pearson_sin": {
        "r": -0.014468989577397177,
        "p": 0.23785256059993057
      },
      "pearson_cos": {
        "r": -0.02668409315686678,
        "p": 0.029469697414231798
      },
      "combined_strength": 0.030354447565310305
    }
  },
  "Omega_group_comp": {
    "t_test": {
      "t": 0.6061523651609129,
      "p": 0.5444342564199233,
      "n0": 3334,
      "n1": 3323
    },
    "mannwhitney": {
      "u": 5533094.0,
      "p": 0.9354834667054219
    },
    "resultant_length": {
      "group0_R": 0.993880873479856,
      "group1_R": 0.9951942183668144
    }
  },
  "rama_enrichment": {
    "chi2": 18.356978724674853,
    "p": 0.10527351196025458,
    "dof": 12
  },
  "rama_contingency_table": {
    "Q1": {
      "alpha_helix": 898,
      "beta_sheet": 544,
      "left_helix": 38,
      "other": 97,
      "turn_or_loop": 82
    },
    "Q2": {
      "alpha_helix": 845,
      "beta_sheet": 555,
      "left_helix": 58,
      "other": 112,
      "turn_or_loop": 92
    },
    "Q3": {
      "alpha_helix": 830,
      "beta_sheet": 569,
      "left_helix": 50,
      "other": 115,
      "turn_or_loop": 92
    },
    "Q4": {
      "alpha_helix": 862,
      "beta_sheet": 517,
      "left_helix": 69,
      "other": 109,
      "turn_or_loop": 98
    }
  },
  "Phi_lin_summary": "                            OLS Regression Results                            \n==============================================================================\nDep. Variable:                    Phi   R-squared:                       0.331\nModel:                            OLS   Adj. R-squared:                  0.329\nMethod:                 Least Squares   F-statistic:                     156.6\nDate:                Thu, 28 Aug 2025   Prob (F-statistic):               0.00\nTime:                        13:15:28   Log-Likelihood:                -33984.\nNo. Observations:                6657   AIC:                         6.801e+04\nDf Residuals:                    6635   BIC:                         6.816e+04\nDf Model:                          21                                         \nCovariance Type:            nonrobust                                         \n====================================================================================\n                       coef    std err          t      P>|t|      [0.025      0.975]\n------------------------------------------------------------------------------------\nIntercept          -72.8942      1.468    -49.672      0.000     -75.771     -70.017\nC(AA)[T.C]         -20.6272      4.040     -5.106      0.000     -28.547     -12.707\nC(AA)[T.D]          -4.0736      2.753     -1.480      0.139      -9.470       1.323\nC(AA)[T.E]          -1.5634      2.330     -0.671      0.502      -6.131       3.004\nC(AA)[T.F]         -21.6000      3.047     -7.088      0.000     -27.573     -15.626\nC(AA)[T.G]          85.9223      2.207     38.928      0.000      81.595      90.249\nC(AA)[T.H]           2.6774      4.202      0.637      0.524      -5.560      10.915\nC(AA)[T.I]         -16.6388      2.414     -6.892      0.000     -21.372     -11.906\nC(AA)[T.K]           0.5782      2.313      0.250      0.803      -3.956       5.112\nC(AA)[T.L]          -6.0578      2.415     -2.508      0.012     -10.792      -1.324\nC(AA)[T.M]          -0.8627      5.433     -0.159      0.874     -11.513       9.787\nC(AA)[T.N]         -21.4090      2.760     -7.758      0.000     -26.819     -15.999\nC(AA)[T.P]          10.3513      3.031      3.415      0.001       4.409      16.293\nC(AA)[T.Q]           1.0979      2.945      0.373      0.709      -4.675       6.871\nC(AA)[T.R]           1.2401      3.023      0.410      0.682      -4.686       7.166\nC(AA)[T.S]          -6.7001      2.507     -2.672      0.008     -11.615      -1.785\nC(AA)[T.T]          -8.5122      2.604     -3.269      0.001     -13.617      -3.407\nC(AA)[T.V]         -22.7223      2.109    -10.776      0.000     -26.856     -18.589\nC(AA)[T.W]          -7.1471      3.911     -1.828      0.068     -14.814       0.519\nC(AA)[T.Y]         -14.0575      3.948     -3.561      0.000     -21.797      -6.318\nCodon_Freq_c         0.2895      1.445      0.200      0.841      -2.543       3.122\nResidue_Number_c    -0.0157      0.005     -3.141      0.002      -0.025      -0.006\n==============================================================================\nOmnibus:                      748.480   Durbin-Watson:                   1.827\nProb(Omnibus):                  0.000   Jarque-Bera (JB):             5135.640\nSkew:                           0.308   Prob(JB):                         0.00\nKurtosis:                       7.259   Cond. No.                     1.46e+03\n==============================================================================\n\nNotes:\n[1] Standard Errors assume that the covariance matrix of the errors is correctly specified.\n[2] The condition number is large, 1.46e+03. This might indicate that there are\nstrong multicollinearity or other numerical problems.",
  "Phi_circ": {
    "m_sin": "<statsmodels.regression.linear_model.RegressionResultsWrapper object at 0x7f897194d7f0>",
    "m_cos": "<statsmodels.regression.linear_model.RegressionResultsWrapper object at 0x7f8971607dd0>",
    "beta_sin": 0.012176220596571452,
    "beta_cos": -0.015609988023538225,
    "p_sin": 0.3018678486412814,
    "p_cos": 0.2768214863160544,
    "combined_magnitude": 0.019797274411175333
  },