Phi_pearson_r,Phi_pearson_p,Phi_spearman_rho,Phi_spearman_p,Phi_circular_combined_strength,Psi_pearson_r,Psi_pearson_p,Psi_spearman_rho,Psi_spearman_p,Psi_circular_combined_strength,Omega_pearson_r,Omega_pearson_p,Omega_spearman_rho,Omega_spearman_p,Omega_circular_combined_strength,Phi_lin_coef_codonfreq,Phi_lin_p_codonfreq,Phi_circ_beta_sin,Phi_circ_beta_cos,Phi_circ_combined_mag,Psi_lin_coef_codonfreq,Psi_lin_p_codonfreq,Psi_circ_beta_sin,Psi_circ_beta_cos,Psi_circ_combined_mag,Omega_lin_coef_codonfreq,Omega_lin_p_codonfreq,Omega_circ_beta_sin,Omega_circ_beta_cos,Omega_circ_combined_mag,Phi_p_bonfearson_p_bonf,Phi_spearman_p_bonf,Psi_p_bonfearson_p_bonf,Psi_spearman_p_bonf,Omega_p_bonfearson_p_bonf,Omega_spearman_p_bonf
0.04814587096715916,0.44944235278266836,0.06271946063183544,0.32428657432511,0.062117359717356685,-0.06442889701045798,0.31124756734973935,-0.08925639542114316,0.16027139496947607,0.056564939300438356,0.05586163374046107,0.3800892050889402,0.03484232128168781,0.5842397616239614,0.07021090241117431,5.493294873436246,0.6286110604876061,0.0029513819263974296,0.1564205593270867,0.15644840055262346,-20.94555031172668,0.3282110380361035,-0.16642457322493956,0.11159353056826574,0.20037528449834757,36.05960115755603,0.42483927871815286,0.009080681063389497,8.023691086418831e-05,0.009081035543200215,1.0,1.0,1.0,0.9616283698168564,1.0,1.0
