Phi_pearson_r,Phi_pearson_p,Phi_spearman_rho,Phi_spearman_p,Phi_circular_combined_strength,Psi_pearson_r,Psi_pearson_p,Psi_spearman_rho,Psi_spearman_p,Psi_circular_combined_strength,Omega_pearson_r,Omega_pearson_p,Omega_spearman_rho,Omega_spearman_p,Omega_circular_combined_strength,Phi_lin_coef_codonfreq,Phi_lin_p_codonfreq,Phi_circ_beta_sin,Phi_circ_beta_cos,Phi_circ_combined_mag,Psi_lin_coef_codonfreq,Psi_lin_p_codonfreq,Psi_circ_beta_sin,Psi_circ_beta_cos,Psi_circ_combined_mag,Omega_lin_coef_codonfreq,Omega_lin_p_codonfreq,Omega_circ_beta_sin,Omega_circ_beta_cos,Omega_circ_combined_mag,Phi_p_bonfearson_p_bonf,Phi_spearman_p_bonf,Psi_p_bonfearson_p_bonf,Psi_spearman_p_bonf,Omega_p_bonfearson_p_bonf,Omega_spearman_p_bonf
0.01637165373554113,0.18167707292744065,-0.005141741526427971,0.6748939029006888,0.04364217461616852,0.0013487412472091191,0.912397074044797,0.007524416797132996,0.5393688039201663,0.020892961524690116,-0.007127094529736204,0.5609702460217594,0.007751809821211274,0.527148851123378,0.030354447565310305,0.28953438701371687,0.8411866350563002,0.012176220596571452,-0.015609988023538225,0.019797274411175333,1.9121228813665532,0.5224872156706353,0.024621017876039444,-0.024116513269239716,0.034464485104490815,0.7131965974253841,0.9059252180880297,-0.00015612751240614162,-0.002363606424496041,0.002368757296569045,1.0,1.0,1.0,1.0,1.0,1.0
