ID,Organism,Codon_Index,Codon,AA_from_cDNA,AA_from_structure,Residue_Number,Phi,Psi,Omega,Codon_Frequency,Relative_Frequency
TPIS_COPJA,Coptis japonica,81,GCG,A,A,81,-61.21225618625156,-41.06851312484826,177.8574745481876,0.05,0.1219512195121951
TPIS_COPJA,Coptis japonica,146,GCG,A,A,146,-63.79020761403736,-41.27228595833696,178.03348860514254,0.05,0.1219512195121951
