ID,Organism,Codon_Index,Codon,AA_from_cDNA,AA_from_structure,Residue_Number,Phi,Psi,Omega,Codon_Frequency,Relative_Frequency
TPIS_ORYSA,Oryza sativa,27,CTG,L,L,27,-66.947357693875,-36.69570249013999,179.87470374164286,0.06,0.1935483870967742
TPIS_ORYSA,Oryza sativa,56,CTG,L,L,56,-73.87906141043004,139.45321880379814,-175.55377336235964,0.06,0.1935483870967742
TPIS_ORYSA,Oryza sativa,189,CTG,L,L,189,-67.67957141515588,-39.51617502299794,177.5919139816888,0.06,0.1935483870967742
TPIS_ORYSA,Oryza sativa,221,CTG,L,L,221,-65.40822569384939,-44.03940178623412,171.2336302089547,0.06,0.1935483870967742
