ID,Organism,Codon_Index,Codon,AA_from_cDNA,AA_from_structure,Residue_Number,Phi,Psi,Omega,Codon_Frequency,Relative_Frequency
TPIS_HORVU,Hordeum vulgare,27,CTG,L,L,27,-64.35000254167282,-38.75917978583966,177.73478608893387,0.06,0.1714285714285714
TPIS_HORVU,Hordeum vulgare,56,CTG,L,L,56,-75.97007383042454,142.56509616281517,-176.43774873157227,0.06,0.1714285714285714
TPIS_HORVU,Hordeum vulgare,189,CTG,L,L,189,-67.91512037124386,-38.09082154722793,175.2402596351554,0.06,0.1714285714285714
