ID,Organism,Codon_Index,Codon,AA_from_cDNA,AA_from_structure,Residue_Number,Phi,Psi,Omega,Codon_Frequency,Relative_Frequency
TPIS_YEAST,Saccharomyces cerevisiae,16,TCC,S,S,16,-141.90767404157248,167.07042237732708,178.00054331132532,0.04,0.1290322580645161
TPIS_YEAST,Saccharomyces cerevisiae,19,TCC,S,S,19,-65.3437308038063,-35.77934791768277,-178.81074898991525,0.04,0.1290322580645161
TPIS_YEAST,Saccharomyces cerevisiae,79,TCC,S,S,79,-117.20785637957404,141.47909873282228,179.89777688733562,0.04,0.1290322580645161
TPIS_YEAST,Saccharomyces cerevisiae,96,TCC,S,S,96,-51.39616041874488,-33.418481156172525,-178.88108808355966,0.04,0.1290322580645161
TPIS_YEAST,Saccharomyces cerevisiae,187,TCC,S,S,187,-64.81890716759737,-41.34326473747088,179.23443069208804,0.04,0.1290322580645161
TPIS_YEAST,Saccharomyces cerevisiae,194,TCC,S,S,194,-69.49954726144152,-24.818550922031907,-179.92980930195446,0.04,0.1290322580645161
TPIS_YEAST,Saccharomyces cerevisiae,211,TCC,S,S,211,-58.56110404541285,113.05748811025884,-179.92529266727192,0.04,0.1290322580645161
