ID,Organism,Codon_Index,Codon,AA_from_cDNA,AA_from_structure,Residue_Number,Phi,Psi,Omega,Codon_Frequency,Relative_Frequency
TPIS_CULTA,Culex tarsalis,120,CTC,L,L,120,-77.46893766420865,153.40049663377437,168.46984183471886,0.09,0.18
TPIS_CULTA,Culex tarsalis,187,CTC,L,L,187,-61.68379943762092,-44.51081749433104,174.09466827000966,0.09,0.18
TPIS_CULTA,Culex tarsalis,235,CTC,L,L,235,-91.77328285434729,9.115020435787228,175.46189127638988,0.09,0.18
