ID,Organism,Codon_Index,Codon,AA_from_cDNA,AA_from_structure,Residue_Number,Phi,Psi,Omega,Codon_Frequency,Relative_Frequency
TPIS_SECCE,Secale cereale,27,CTG,L,L,27,-64.73642851213495,-39.15842683749512,176.9274447337563,0.05,0.1470588235294117
TPIS_SECCE,Secale cereale,43,AGC,S,S,43,-123.3879424103059,83.14451104557374,-171.94598518738349,0.05,0.1428571428571428
TPIS_SECCE,Secale cereale,56,CTG,L,L,56,-79.20233653512132,142.28349188768246,-174.43451620360537,0.05,0.1470588235294117
TPIS_SECCE,Secale cereale,87,CTC,L,L,87,-74.43246338700527,-5.139390550688344,172.70291516795237,0.04,0.1176470588235294
TPIS_SECCE,Secale cereale,101,AGC,S,S,101,-81.36557382291416,-48.8092688112379,-175.67095876472098,0.05,0.1428571428571428
TPIS_SECCE,Secale cereale,106,TCG,S,S,106,-68.8690043578176,162.15908030491826,176.96796753601672,0.04,0.1142857142857143
TPIS_SECCE,Secale cereale,118,CTC,L,L,118,-60.9566821322357,-41.360450316735104,175.4376706987318,0.04,0.1176470588235294
TPIS_SECCE,Secale cereale,132,CTC,L,L,132,-60.59484573162131,-42.91993575460368,176.81164888829116,0.04,0.1176470588235294
TPIS_SECCE,Secale cereale,189,CTG,L,L,189,-67.7740248388151,-38.24979045209459,175.24646031665756,0.05,0.1470588235294117
TPIS_SECCE,Secale cereale,193,CTC,L,L,193,-60.6311116130827,-39.48194271190243,176.23137918710637,0.04,0.1176470588235294
TPIS_SECCE,Secale cereale,198,AGC,S,S,198,-170.79403444331206,159.9054515169059,169.80035992235895,0.05,0.1428571428571428
TPIS_SECCE,Secale cereale,205,ACG,T,T,205,-69.31375578179167,128.1432115352028,-178.26029141029616,0.09,0.1956521739130434
TPIS_SECCE,Secale cereale,217,AGC,S,S,217,-97.20413083097137,-18.970832407191555,-175.59769645491835,0.05,0.1428571428571428
TPIS_SECCE,Secale cereale,223,GCG,A,A,223,-68.85280352852003,-19.02693731305991,176.69942864653092,0.07,0.1272727272727273
