Codon,AA,Frequency,Relative_Freq
TTT,F,0.45,0.8181818181818181
TCT,S,0.15,0.3488372093023256
TAT,Y,0.17,0.20481927710843376
TGT,C,0.21,0.26582278481012656
TTC,F,0.55,1.0
TCC,S,0.19,0.4418604651162791
TAC,Y,0.83,1.0
TGC,C,0.79,1.0
TTA,L,0.03,0.07142857142857142
TCA,S,0.06,0.13953488372093023
TAA,*,1.0,1.0
TGA,*,0.0,0.0
TTG,L,0.42,1.0
TCG,S,0.43,1.0
TAG,*,0.0,0.0
TGG,W,1.0,1.0
CTT,L,0.3,0.7142857142857143
CCT,P,0.41,0.82
CAT,H,0.42,0.7241379310344828
CGT,R,0.53,1.0
CTC,L,0.24,0.5714285714285714
CCC,P,0.1,0.2
CAC,H,0.58,1.0
CGC,R,0.37,0.6981132075471698
CTA,L,0.01,0.02380952380952381
CCA,P,0.5,1.0
CAA,Q,0.94,1.0
CGA,R,0.1,0.18867924528301888
CTG,L,0.0,0.0
CCG,P,0.0,0.0
CAG,Q,0.06,0.06382978723404255
CGG,R,0.0,0.0
ATT,I,0.49,0.9607843137254901
ACT,T,0.31,0.7749999999999999
AAT,N,0.36,0.5625
AGT,S,0.07,0.16279069767441862
ATC,I,0.51,1.0
ACC,T,0.4,1.0
AAC,N,0.64,1.0
AGC,S,0.1,0.23255813953488375
ATA,I,0.0,0.0
ACA,T,0.14,0.35000000000000003
AAA,K,0.29,0.4084507042253521
AGA,R,0.0,0.0
ATG,M,1.0,1.0
ACG,T,0.15,0.37499999999999994
AAG,K,0.71,1.0
AGG,R,0.0,0.0
GTT,V,0.24,0.631578947368421
GCT,A,0.54,1.0
GAT,D,0.56,1.0
GGT,G,0.52,1.0
GTC,V,0.38,1.0
GCC,A,0.37,0.6851851851851851
GAC,D,0.44,0.7857142857142857
GGC,G,0.34,0.6538461538461539
GTA,V,0.07,0.1842105263157895
GCA,A,0.05,0.09259259259259259
GAA,E,0.9,1.0
GGA,G,0.11,0.21153846153846154
GTG,V,0.31,0.8157894736842105
GCG,A,0.04,0.07407407407407407
GAG,E,0.1,0.11111111111111112
GGG,G,0.03,0.05769230769230769
