Codon,AA,Frequency,Relative_Freq
TTT,F,0.65,1.0
TCT,S,0.29,1.0
TAT,Y,0.74,1.0
TGT,C,0.69,1.0
TTC,F,0.35,0.5384615384615384
TCC,S,0.16,0.5517241379310346
TAC,Y,0.26,0.35135135135135137
TGC,C,0.31,0.44927536231884063
TTA,L,0.28,1.0
TCA,S,0.2,0.6896551724137931
TAA,*,0.51,1.0
TGA,*,0.32,0.6274509803921569
TTG,L,0.19,0.6785714285714285
TCG,S,0.09,0.3103448275862069
TAG,*,0.18,0.3529411764705882
TGG,W,1.0,1.0
CTT,L,0.22,0.7857142857142857
CCT,P,0.42,1.0
CAT,H,0.73,1.0
CGT,R,0.22,0.7333333333333334
CTC,L,0.09,0.3214285714285714
CCC,P,0.16,0.380952380952381
CAC,H,0.27,0.36986301369863017
CGC,R,0.07,0.23333333333333336
CTA,L,0.14,0.5
CCA,P,0.29,0.6904761904761905
CAA,Q,0.72,1.0
CGA,R,0.2,0.6666666666666667
CTG,L,0.08,0.2857142857142857
CCG,P,0.13,0.30952380952380953
CAG,Q,0.28,0.38888888888888895
CGG,R,0.08,0.26666666666666666
ATT,I,0.47,1.0
ACT,T,0.4,1.0
AAT,N,0.68,1.0
AGT,S,0.19,0.6551724137931035
ATC,I,0.21,0.4468085106382979
ACC,T,0.18,0.44999999999999996
AAC,N,0.32,0.47058823529411764
AGC,S,0.08,0.2758620689655173
ATA,I,0.31,0.6595744680851064
ACA,T,0.33,0.825
AAA,K,0.67,1.0
AGA,R,0.3,1.0
ATG,M,1.0,1.0
ACG,T,0.09,0.22499999999999998
AAG,K,0.33,0.4925373134328358
AGG,R,0.12,0.4
GTT,V,0.37,1.0
GCT,A,0.44,1.0
GAT,D,0.75,1.0
GGT,G,0.32,0.7804878048780488
GTC,V,0.14,0.3783783783783784
GCC,A,0.16,0.36363636363636365
GAC,D,0.25,0.3333333333333333
GGC,G,0.1,0.24390243902439027
GTA,V,0.28,0.7567567567567568
GCA,A,0.27,0.6136363636363636
GAA,E,0.68,1.0
GGA,G,0.41,1.0
GTG,V,0.2,0.5405405405405406
GCG,A,0.13,0.29545454545454547
GAG,E,0.32,0.47058823529411764
GGG,G,0.16,0.3902439024390244
