Codon,AA,Frequency,Relative_Freq
TTT,F,0.45,0.8181818181818181
TCT,S,0.09,0.3913043478260869
TAT,Y,0.29,0.4084507042253521
TGT,C,0.73,1.0
TTC,F,0.55,1.0
TCC,S,0.18,0.7826086956521738
TAC,Y,0.71,1.0
TGC,C,0.27,0.36986301369863017
TTA,L,0.0,0.0
TCA,S,0.14,0.6086956521739131
TAA,*,0.0,0.0
TGA,*,1.0,1.0
TTG,L,0.13,0.37142857142857144
TCG,S,0.2,0.8695652173913043
TAG,*,0.0,0.0
TGG,W,1.0,1.0
CTT,L,0.17,0.48571428571428577
CCT,P,0.14,0.358974358974359
CAT,H,0.59,1.0
CGT,R,0.07,0.1891891891891892
CTC,L,0.2,0.5714285714285715
CCC,P,0.25,0.641025641025641
CAC,H,0.41,0.6949152542372882
CGC,R,0.37,1.0
CTA,L,0.15,0.4285714285714286
CCA,P,0.22,0.5641025641025641
CAA,Q,0.41,0.6949152542372882
CGA,R,0.22,0.5945945945945946
CTG,L,0.35,1.0
CCG,P,0.39,1.0
CAG,Q,0.59,1.0
CGG,R,0.26,0.7027027027027027
ATT,I,0.18,0.2465753424657534
ACT,T,0.15,0.3260869565217391
AAT,N,0.36,0.5625
AGT,S,0.23,1.0
ATC,I,0.73,1.0
ACC,T,0.46,1.0
AAC,N,0.64,1.0
AGC,S,0.16,0.6956521739130435
ATA,I,0.09,0.1232876712328767
ACA,T,0.08,0.17391304347826086
AAA,K,0.22,0.28205128205128205
AGA,R,0.0,0.0
ATG,M,1.0,1.0
ACG,T,0.31,0.6739130434782609
AAG,K,0.78,1.0
AGG,R,0.07,0.1891891891891892
GTT,V,0.14,0.3111111111111111
GCT,A,0.19,0.5757575757575757
GAT,D,0.6,1.0
GGT,G,0.17,0.5
GTC,V,0.36,0.7999999999999999
GCC,A,0.33,1.0
GAC,D,0.4,0.6666666666666667
GGC,G,0.34,1.0
GTA,V,0.05,0.11111111111111112
GCA,A,0.21,0.6363636363636364
GAA,E,0.55,1.0
GGA,G,0.24,0.7058823529411764
GTG,V,0.45,1.0
GCG,A,0.26,0.7878787878787878
GAG,E,0.45,0.8181818181818181
GGG,G,0.24,0.7058823529411764
