Codon,AA,Frequency,Relative_Freq
TTT,F,0.9311,1.0
TCT,S,0.42,1.0
TAT,Y,0.87,1.0
TGT,C,0.91,1.0
TTC,F,0.07,0.07517989474814736
TCC,S,0.04,0.09523809523809525
TAC,Y,0.13,0.14942528735632185
TGC,C,0.09,0.0989010989010989
TTA,L,0.65,1.0
TCA,S,0.24,0.5714285714285714
TAA,*,0.11,0.12941176470588237
TGA,*,0.85,1.0
TTG,L,0.17,0.26153846153846155
TCG,S,0.03,0.07142857142857142
TAG,*,0.04,0.047058823529411764
TGG,W,1.0,1.0
CTT,L,0.09,0.13846153846153844
CCT,P,0.38,0.8260869565217391
CAT,H,0.72,1.0
CGT,R,0.15,0.22388059701492535
CTC,L,0.0,0.0
CCC,P,0.06,0.13043478260869565
CAC,H,0.28,0.38888888888888895
CGC,R,0.0,0.0
CTA,L,0.07,0.1076923076923077
CCA,P,0.46,1.0
CAA,Q,0.73,1.0
CGA,R,0.02,0.029850746268656716
CTG,L,0.02,0.030769230769230767
CCG,P,0.1,0.21739130434782608
CAG,Q,0.27,0.36986301369863017
CGG,R,0.0,0.0
ATT,I,0.64,1.0
ACT,T,0.46,0.9787234042553192
AAT,N,0.91,1.0
AGT,S,0.25,0.5952380952380952
ATC,I,0.06,0.09375
ACC,T,0.04,0.08510638297872342
AAC,N,0.09,0.0989010989010989
AGC,S,0.01,0.02380952380952381
ATA,I,0.3,0.46875
ACA,T,0.47,1.0
AAA,K,0.88,1.0
AGA,R,0.67,1.0
ATG,M,1.0,1.0
ACG,T,0.03,0.06382978723404255
AAG,K,0.12,0.13636363636363635
AGG,R,0.15,0.22388059701492535
GTT,V,0.46,1.0
GCT,A,0.52,1.0
GAT,D,0.86,1.0
GGT,G,0.51,1.0
GTC,V,0.04,0.08695652173913043
GCC,A,0.08,0.15384615384615385
GAC,D,0.14,0.16279069767441862
GGC,G,0.02,0.0392156862745098
GTA,V,0.38,0.8260869565217391
GCA,A,0.35,0.673076923076923
GAA,E,0.69,1.0
GGA,G,0.3,0.5882352941176471
GTG,V,0.11,0.23913043478260868
GCG,A,0.05,0.09615384615384616
GAG,E,0.31,0.44927536231884063
GGG,G,0.17,0.33333333333333337
