Codon,AA,Frequency,Relative_Freq
TTT,F,0.51,1.0
TCT,S,0.2,0.4651162790697675
TAT,Y,0.9,1.0
TGT,C,0.97,1.0
TTC,F,0.49,0.9607843137254901
TCC,S,0.04,0.09302325581395349
TAC,Y,0.1,0.11111111111111112
TGC,C,0.03,0.030927835051546393
TTA,L,0.74117,1.0
TCA,S,0.32,0.7441860465116279
TAA,*,0.08,0.10126582278481013
TGA,*,0.79,1.0
TTG,L,0.01,0.013492181280947691
TCG,S,0.0,0.0
TAG,*,0.13,0.16455696202531644
TGG,W,0.0,
CTT,L,0.11,0.1484139940904246
CCT,P,0.66,1.0
CAT,H,0.9,1.0
CGT,R,0.59,1.0
CTC,L,0.02,0.026984362561895382
CCC,P,0.02,0.030303030303030304
CAC,H,0.1,0.11111111111111112
CGC,R,0.0,0.0
CTA,L,0.12,0.16190617537137228
CCA,P,0.33,0.5
CAA,Q,0.89,1.0
CGA,R,0.04,0.06779661016949153
CTG,L,0.01,0.013492181280947691
CCG,P,0.0,0.0
CAG,Q,0.11,0.12359550561797752
CGG,R,0.01,0.01694915254237288
ATT,I,0.28,0.5283018867924528
ACT,T,0.64,1.0
AAT,N,0.8,1.0
AGT,S,0.43,1.0
ATC,I,0.19,0.3584905660377358
ACC,T,0.04,0.0625
AAC,N,0.2,0.25
AGC,S,0.02,0.046511627906976744
ATA,I,0.53,1.0
ACA,T,0.31,0.484375
AAA,K,0.87,1.0
AGA,R,0.33,0.5593220338983051
ATG,M,1.0,1.0
ACG,T,0.01,0.015625
AAG,K,0.13,0.14942528735632185
AGG,R,0.03,0.05084745762711865
GTT,V,0.36,0.6315789473684211
GCT,A,0.58,1.0
GAT,D,0.87,1.0
GGT,G,0.72,1.0
GTC,V,0.04,0.07017543859649124
GCC,A,0.1,0.1724137931034483
GAC,D,0.13,0.14942528735632185
GGC,G,0.01,0.01388888888888889
GTA,V,0.57,1.0
GCA,A,0.29,0.5
GAA,E,0.66,1.0
GGA,G,0.23,0.3194444444444445
GTG,V,0.03,0.052631578947368425
GCG,A,0.03,0.05172413793103448
GAG,E,0.34,0.5151515151515151
GGG,G,0.04,0.05555555555555556
