Codon,AA,Frequency,Relative_Freq
TTT,F,0.6,1.0
TCT,S,0.2,0.8
TAT,Y,0.59,1.0
TGT,C,0.44,0.7857142857142857
TTC,F,0.4,0.6666666666666667
TCC,S,0.13,0.52
TAC,Y,0.41,0.6949152542372882
TGC,C,0.56,1.0
TTA,L,0.16,0.6153846153846154
TCA,S,0.25,1.0
TAA,*,0.09,0.140625
TGA,*,0.64,1.0
TTG,L,0.25,0.9615384615384615
TCG,S,0.08,0.32
TAG,*,0.27,0.421875
TGG,W,1.0,1.0
CTT,L,0.26,1.0
CCT,P,0.4,0.8510638297872342
CAT,H,0.51,1.0
CGT,R,0.15,0.45454545454545453
CTC,L,0.13,0.5
CCC,P,0.1,0.21276595744680854
CAC,H,0.49,0.9607843137254901
CGC,R,0.08,0.24242424242424243
CTA,L,0.11,0.4230769230769231
CCA,P,0.47,1.0
CAA,Q,0.65,1.0
CGA,R,0.14,0.42424242424242425
CTG,L,0.1,0.38461538461538464
CCG,P,0.03,0.06382978723404255
CAG,Q,0.35,0.5384615384615384
CGG,R,0.04,0.12121212121212122
ATT,I,0.49,1.0
ACT,T,0.35,0.8536585365853658
AAT,N,0.59,1.0
AGT,S,0.25,1.0
ATC,I,0.22,0.4489795918367347
ACC,T,0.14,0.34146341463414637
AAC,N,0.41,0.6949152542372882
AGC,S,0.1,0.4
ATA,I,0.3,0.6122448979591837
ACA,T,0.41,1.0
AAA,K,0.49,0.9607843137254901
AGA,R,0.33,1.0
ATG,M,1.0,1.0
ACG,T,0.09,0.21951219512195122
AAG,K,0.51,1.0
AGG,R,0.26,0.7878787878787878
GTT,V,0.4,1.0
GCT,A,0.39,0.951219512195122
GAT,D,0.72,1.0
GGT,G,0.34,1.0
GTC,V,0.18,0.44999999999999996
GCC,A,0.15,0.36585365853658536
GAC,D,0.28,0.38888888888888895
GGC,G,0.14,0.411764705882353
GTA,V,0.17,0.425
GCA,A,0.41,1.0
GAA,E,0.55,1.0
GGA,G,0.34,1.0
GTG,V,0.26,0.65
GCG,A,0.05,0.12195121951219513
GAG,E,0.45,0.8181818181818181
GGG,G,0.18,0.5294117647058822
