Codon,AA,Frequency,Relative_Freq
TTT,F,0.32,0.47058823529411764
TCT,S,0.0,0.0
TAT,Y,0.25,0.3333333333333333
TGT,C,0.33,0.4925373134328358
TTC,F,0.68,1.0
TCC,S,0.32,1.0
TAC,Y,0.75,1.0
TGC,C,0.67,1.0
TTA,L,0.01,0.02
TCA,S,0.02,0.0625
TAA,*,0.67,1.0
TGA,*,0.33,0.4925373134328358
TTG,L,0.29,0.58
TCG,S,0.32,1.0
TAG,*,0.0,0.0
TGG,W,1.0,1.0
CTT,L,0.05,0.1
CCT,P,0.12,0.25
CAT,H,0.43,0.7543859649122807
CGT,R,0.2,0.625
CTC,L,0.09,0.18
CCC,P,0.23,0.4791666666666667
CAC,H,0.57,1.0
CGC,R,0.32,1.0
CTA,L,0.06,0.12
CCA,P,0.17,0.3541666666666667
CAA,Q,0.34,0.5151515151515151
CGA,R,0.1,0.3125
CTG,L,0.5,1.0
CCG,P,0.48,1.0
CAG,Q,0.66,1.0
CGG,R,0.24,0.75
ATT,I,0.26,0.38235294117647056
ACT,T,0.11,0.23913043478260868
AAT,N,0.19,0.2345679012345679
AGT,S,0.13,0.40625
ATC,I,0.68,1.0
ACC,T,0.46,1.0
AAC,N,0.81,1.0
AGC,S,0.21,0.65625
ATA,I,0.06,0.08823529411764705
ACA,T,0.07,0.15217391304347827
AAA,K,0.27,0.36986301369863017
AGA,R,0.07,0.21875000000000003
ATG,M,1.0,1.0
ACG,T,0.37,0.8043478260869564
AAG,K,0.73,1.0
AGG,R,0.07,0.21875000000000003
GTT,V,0.31,0.9117647058823529
GCT,A,0.31,0.6326530612244898
GAT,D,0.46,0.8518518518518519
GGT,G,0.24,0.5217391304347826
GTC,V,0.27,0.7941176470588235
GCC,A,0.49,1.0
GAC,D,0.54,1.0
GGC,G,0.2,0.43478260869565216
GTA,V,0.07,0.2058823529411765
GCA,A,0.05,0.10204081632653061
GAA,E,0.34,0.5151515151515151
GGA,G,0.46,1.0
GTG,V,0.34,1.0
GCG,A,0.15,0.30612244897959184
GAG,E,0.66,1.0
GGG,G,0.1,0.21739130434782608
