Codon,AA,Frequency,Relative_Freq
TTT,F,0.81,1.0
TCT,S,0.24,0.96
TAT,Y,0.72,1.0
TGT,C,0.6,1.0
TTC,F,0.19,0.2345679012345679
TCC,S,0.06,0.24
TAC,Y,0.28,0.38888888888888895
TGC,C,0.4,0.6666666666666667
TTA,L,0.34,1.0
TCA,S,0.23,0.92
TAA,*,0.52,1.0
TGA,*,0.23,0.4423076923076923
TTG,L,0.18,0.5294117647058822
TCG,S,0.05,0.2
TAG,*,0.25,0.4807692307692307
TGG,W,1.0,1.0
CTT,L,0.2,0.5882352941176471
CCT,P,0.37,0.8043478260869564
CAT,H,0.67,1.0
CGT,R,0.18,0.40909090909090906
CTC,L,0.06,0.1764705882352941
CCC,P,0.06,0.13043478260869565
CAC,H,0.33,0.4925373134328358
CGC,R,0.09,0.20454545454545453
CTA,L,0.14,0.411764705882353
CCA,P,0.46,1.0
CAA,Q,0.69,1.0
CGA,R,0.06,0.13636363636363635
CTG,L,0.08,0.23529411764705882
CCG,P,0.1,0.21739130434782608
CAG,Q,0.31,0.44927536231884063
CGG,R,0.03,0.06818181818181818
ATT,I,0.41,0.911111111111111
ACT,T,0.41,1.0
AAT,N,0.72,1.0
AGT,S,0.25,1.0
ATC,I,0.14,0.3111111111111111
ACC,T,0.11,0.2682926829268293
AAC,N,0.28,0.38888888888888895
AGC,S,0.16,0.64
ATA,I,0.45,1.0
ACA,T,0.37,0.9024390243902439
AAA,K,0.71,1.0
AGA,R,0.44,1.0
ATG,M,1.0,1.0
ACG,T,0.1,0.24390243902439027
AAG,K,0.29,0.4084507042253521
AGG,R,0.2,0.4545454545454546
GTT,V,0.38,1.0
GCT,A,0.37,0.7872340425531915
GAT,D,0.78,1.0
GGT,G,0.37,1.0
GTC,V,0.07,0.1842105263157895
GCC,A,0.07,0.14893617021276598
GAC,D,0.22,0.28205128205128205
GGC,G,0.17,0.4594594594594595
GTA,V,0.34,0.8947368421052632
GCA,A,0.47,1.0
GAA,E,0.71,1.0
GGA,G,0.34,0.918918918918919
GTG,V,0.2,0.5263157894736842
GCG,A,0.09,0.19148936170212766
GAG,E,0.29,0.4084507042253521
GGG,G,0.12,0.32432432432432434
