Codon,AA,Frequency,Relative_Freq
TTT,F,0.9,1.0
TCT,S,0.19,0.6333333333333334
TAT,Y,0.68,1.0
TGT,C,0.6,1.0
TTC,F,0.1,0.11111111111111112
TCC,S,0.03,0.1
TAC,Y,0.32,0.47058823529411764
TGC,C,0.4,0.6666666666666667
TTA,L,0.34,1.0
TCA,S,0.3,1.0
TAA,*,0.75,1.0
TGA,*,0.0,0.0
TTG,L,0.15,0.4411764705882352
TCG,S,0.07,0.23333333333333336
TAG,*,0.25,0.3333333333333333
TGG,W,1.0,1.0
CTT,L,0.21,0.6176470588235293
CCT,P,0.29,0.46774193548387094
CAT,H,0.74,1.0
CGT,R,0.25,0.5434782608695652
CTC,L,0.08,0.23529411764705882
CCC,P,0.05,0.08064516129032259
CAC,H,0.26,0.35135135135135137
CGC,R,0.06,0.13043478260869565
CTA,L,0.15,0.4411764705882352
CCA,P,0.62,1.0
CAA,Q,0.79,1.0
CGA,R,0.04,0.08695652173913043
CTG,L,0.08,0.23529411764705882
CCG,P,0.04,0.06451612903225806
CAG,Q,0.21,0.26582278481012656
CGG,R,0.01,0.021739130434782608
ATT,I,0.39,0.8666666666666667
ACT,T,0.35,0.8749999999999999
AAT,N,0.76,1.0
AGT,S,0.2,0.6666666666666667
ATC,I,0.17,0.37777777777777777
ACC,T,0.09,0.22499999999999998
AAC,N,0.24,0.3157894736842105
AGC,S,0.22,0.7333333333333334
ATA,I,0.45,1.0
ACA,T,0.4,1.0
AAA,K,0.77,1.0
AGA,R,0.46,1.0
ATG,M,1.0,1.0
ACG,T,0.15,0.37499999999999994
AAG,K,0.23,0.2987012987012987
AGG,R,0.18,0.3913043478260869
GTT,V,0.33,0.6875000000000001
GCT,A,0.24,0.38095238095238093
GAT,D,0.83,1.0
GGT,G,0.51,1.0
GTC,V,0.06,0.125
GCC,A,0.03,0.047619047619047616
GAC,D,0.17,0.20481927710843376
GGC,G,0.15,0.29411764705882354
GTA,V,0.48,1.0
GCA,A,0.63,1.0
GAA,E,0.7,1.0
GGA,G,0.29,0.5686274509803921
GTG,V,0.14,0.2916666666666667
GCG,A,0.11,0.1746031746031746
GAG,E,0.3,0.4285714285714286
GGG,G,0.05,0.09803921568627451
