Codon,AA,Frequency,Relative_Freq
TTT,F,0.66,1.0
TCT,S,0.23,0.676470588235294
TAT,Y,0.83,1.0
TGT,C,0.82,1.0
TTC,F,0.34,0.5151515151515151
TCC,S,0.05,0.14705882352941177
TAC,Y,0.17,0.20481927710843376
TGC,C,0.18,0.21951219512195122
TTA,L,0.77106,1.0
TCA,S,0.34,1.0
TAA,*,0.28,0.40579710144927544
TGA,*,0.69,1.0
TTG,L,0.01,0.012969159339091641
TCG,S,0.05,0.14705882352941177
TAG,*,0.03,0.043478260869565216
TGG,W,1.0,1.0
CTT,L,0.07,0.09078411537364149
CCT,P,0.48,1.0
CAT,H,0.64,1.0
CGT,R,0.17,0.29824561403508776
CTC,L,0.07,0.09078411537364149
CCC,P,0.11,0.22916666666666669
CAC,H,0.36,0.5625
CGC,R,0.1,0.1754385964912281
CTA,L,0.05,0.0648457966954582
CCA,P,0.31,0.6458333333333334
CAA,Q,0.81,1.0
CGA,R,0.08,0.14035087719298248
CTG,L,0.03,0.03890747801727492
CCG,P,0.1,0.20833333333333334
CAG,Q,0.19,0.2345679012345679
CGG,R,0.07,0.12280701754385967
ATT,I,0.34,0.6071428571428571
ACT,T,0.33,0.6226415094339622
AAT,N,0.83,1.0
AGT,S,0.27,0.7941176470588235
ATC,I,0.1,0.17857142857142858
ACC,T,0.07,0.1320754716981132
AAC,N,0.17,0.20481927710843376
AGC,S,0.05,0.14705882352941177
ATA,I,0.56,1.0
ACA,T,0.53,1.0
AAA,K,0.84,1.0
AGA,R,0.57,1.0
ATG,M,1.0,1.0
ACG,T,0.07,0.1320754716981132
AAG,K,0.16,0.1904761904761905
AGG,R,0.02,0.03508771929824562
GTT,V,0.34,0.6296296296296297
GCT,A,0.42,1.0
GAT,D,0.76,1.0
GGT,G,0.51,1.0
GTC,V,0.06,0.1111111111111111
GCC,A,0.12,0.2857142857142857
GAC,D,0.24,0.3157894736842105
GGC,G,0.1,0.19607843137254902
GTA,V,0.54,1.0
GCA,A,0.37,0.8809523809523809
GAA,E,0.72,1.0
GGA,G,0.35,0.6862745098039215
GTG,V,0.06,0.1111111111111111
GCG,A,0.09,0.21428571428571427
GAG,E,0.28,0.38888888888888895
GGG,G,0.05,0.09803921568627451
