Codon,AA,Frequency,Relative_Freq
TTT,F,0.26,0.35135135135135137
TCT,S,0.12,0.3529411764705882
TAT,Y,0.23,0.2987012987012987
TGT,C,0.17,0.20481927710843376
TTC,F,0.74,1.0
TCC,S,0.34,1.0
TAC,Y,0.77,1.0
TGC,C,0.83,1.0
TTA,L,0.1,0.23255813953488375
TCA,S,0.33,0.9705882352941176
TAA,*,0.08,0.0879120879120879
TGA,*,0.91,1.0
TTG,L,0.02,0.046511627906976744
TCG,S,0.02,0.058823529411764705
TAG,*,0.01,0.010989010989010988
TGG,W,1.0,1.0
CTT,L,0.12,0.27906976744186046
CCT,P,0.09,0.19565217391304346
CAT,H,0.23,0.2987012987012987
CGT,R,0.01,0.01639344262295082
CTC,L,0.28,0.6511627906976745
CCC,P,0.46,1.0
CAC,H,0.77,1.0
CGC,R,0.22,0.36065573770491804
CTA,L,0.43,1.0
CCA,P,0.44,0.9565217391304347
CAA,Q,0.93,1.0
CGA,R,0.61,1.0
CTG,L,0.05,0.11627906976744187
CCG,P,0.01,0.021739130434782608
CAG,Q,0.07,0.07526881720430108
CGG,R,0.14,0.2295081967213115
ATT,I,0.19,0.38
ACT,T,0.15,0.3191489361702128
AAT,N,0.17,0.20481927710843376
AGT,S,0.01,0.029411764705882353
ATC,I,0.5,1.0
ACC,T,0.47,1.0
AAC,N,0.83,1.0
AGC,S,0.18,0.5294117647058822
ATA,I,0.31,0.62
ACA,T,0.36,0.7659574468085106
AAA,K,0.88,1.0
AGA,R,0.0,0.0
ATG,M,1.0,1.0
ACG,T,0.01,0.021276595744680854
AAG,K,0.12,0.13636363636363635
AGG,R,0.01,0.01639344262295082
GTT,V,0.19,0.5428571428571429
GCT,A,0.14,0.28
GAT,D,0.17,0.20481927710843376
GGT,G,0.09,0.21951219512195122
GTC,V,0.28,0.8000000000000002
GCC,A,0.5,1.0
GAC,D,0.83,1.0
GGC,G,0.37,0.9024390243902439
GTA,V,0.35,1.0
GCA,A,0.33,0.66
GAA,E,0.83,1.0
GGA,G,0.41,1.0
GTG,V,0.17,0.48571428571428577
GCG,A,0.03,0.06
GAG,E,0.17,0.20481927710843376
GGG,G,0.13,0.3170731707317073
