Codon,AA,Frequency,Relative_Freq
TTT,F,0.32,0.47058823529411764
TCT,S,0.14,0.411764705882353
TAT,Y,0.37,0.5873015873015873
TGT,C,0.27,0.36986301369863017
TTC,F,0.68,1.0
TCC,S,0.34,1.0
TAC,Y,0.63,1.0
TGC,C,0.73,1.0
TTA,L,0.11,0.2558139534883721
TCA,S,0.28,0.823529411764706
TAA,*,0.06,0.06741573033707865
TGA,*,0.89,1.0
TTG,L,0.04,0.09302325581395349
TCG,S,0.04,0.11764705882352941
TAG,*,0.05,0.05617977528089888
TGG,W,1.0,1.0
CTT,L,0.1,0.23255813953488375
CCT,P,0.19,0.33333333333333337
CAT,H,0.18,0.21951219512195122
CGT,R,0.17,0.4358974358974359
CTC,L,0.24,0.5581395348837209
CCC,P,0.57,1.0
CAC,H,0.82,1.0
CGC,R,0.34,0.8717948717948718
CTA,L,0.43,1.0
CCA,P,0.2,0.3508771929824562
CAA,Q,0.88,1.0
CGA,R,0.39,1.0
CTG,L,0.08,0.18604651162790697
CCG,P,0.03,0.052631578947368425
CAG,Q,0.12,0.13636363636363635
CGG,R,0.05,0.12820512820512822
ATT,I,0.26,0.65
ACT,T,0.16,0.35555555555555557
AAT,N,0.24,0.3157894736842105
AGT,S,0.05,0.14705882352941177
ATC,I,0.4,1.0
ACC,T,0.45,1.0
AAC,N,0.76,1.0
AGC,S,0.14,0.411764705882353
ATA,I,0.34,0.85
ACA,T,0.36,0.7999999999999999
AAA,K,0.89,1.0
AGA,R,0.02,0.05128205128205128
ATG,M,1.0,1.0
ACG,T,0.03,0.06666666666666667
AAG,K,0.11,0.12359550561797752
AGG,R,0.02,0.05128205128205128
GTT,V,0.21,0.5526315789473684
GCT,A,0.2,0.4761904761904762
GAT,D,0.24,0.3157894736842105
GGT,G,0.15,0.4285714285714286
GTC,V,0.28,0.736842105263158
GCC,A,0.42,1.0
GAC,D,0.76,1.0
GGC,G,0.35,1.0
GTA,V,0.38,1.0
GCA,A,0.34,0.8095238095238096
GAA,E,0.68,1.0
GGA,G,0.33,0.942857142857143
GTG,V,0.13,0.34210526315789475
GCG,A,0.05,0.11904761904761905
GAG,E,0.32,0.47058823529411764
GGG,G,0.16,0.4571428571428572
