Codon,AA,Frequency,Relative_Freq
TTT,F,0.66,1.0
TCT,S,0.28,1.0
TAT,Y,0.77,1.0
TGT,C,0.76,1.0
TTC,F,0.34,0.5151515151515151
TCC,S,0.18,0.6428571428571428
TAC,Y,0.23,0.2987012987012987
TGC,C,0.24,0.3157894736842105
TTA,L,0.35,1.0
TCA,S,0.17,0.6071428571428571
TAA,*,0.55,1.0
TGA,*,0.19,0.3454545454545454
TTG,L,0.18,0.5142857142857143
TCG,S,0.09,0.3214285714285714
TAG,*,0.26,0.4727272727272727
TGG,W,1.0,1.0
CTT,L,0.2,0.5714285714285715
CCT,P,0.41,1.0
CAT,H,0.73,1.0
CGT,R,0.24,0.857142857142857
CTC,L,0.07,0.20000000000000004
CCC,P,0.2,0.48780487804878053
CAC,H,0.27,0.36986301369863017
CGC,R,0.09,0.3214285714285714
CTA,L,0.14,0.4000000000000001
CCA,P,0.27,0.6585365853658537
CAA,Q,0.77,1.0
CGA,R,0.21,0.7499999999999999
CTG,L,0.06,0.17142857142857143
CCG,P,0.12,0.2926829268292683
CAG,Q,0.23,0.2987012987012987
CGG,R,0.07,0.25
ATT,I,0.5,1.0
ACT,T,0.42,1.0
AAT,N,0.72,1.0
AGT,S,0.21,0.7499999999999999
ATC,I,0.19,0.38
ACC,T,0.18,0.42857142857142855
AAC,N,0.28,0.38888888888888895
AGC,S,0.08,0.2857142857142857
ATA,I,0.31,0.62
ACA,T,0.28,0.6666666666666667
AAA,K,0.73,1.0
AGA,R,0.28,1.0
ATG,M,1.0,1.0
ACG,T,0.12,0.2857142857142857
AAG,K,0.27,0.36986301369863017
AGG,R,0.11,0.39285714285714285
GTT,V,0.37,1.0
GCT,A,0.44,1.0
GAT,D,0.79,1.0
GGT,G,0.33,0.8461538461538461
GTC,V,0.12,0.32432432432432434
GCC,A,0.15,0.3409090909090909
GAC,D,0.21,0.26582278481012656
GGC,G,0.12,0.30769230769230765
GTA,V,0.37,1.0
GCA,A,0.3,0.6818181818181818
GAA,E,0.74,1.0
GGA,G,0.39,1.0
GTG,V,0.14,0.3783783783783784
GCG,A,0.11,0.25
GAG,E,0.26,0.35135135135135137
GGG,G,0.17,0.4358974358974359
