Codon,AA,Frequency,Relative_Freq
TTT,F,0.41,0.6949152542372882
TCT,S,0.12,0.4
TAT,Y,0.19,0.2345679012345679
TGT,C,0.25,0.3333333333333333
TTC,F,0.59,1.0
TCC,S,0.18,0.6
TAC,Y,0.81,1.0
TGC,C,0.75,1.0
TTA,L,0.02,0.04761904761904762
TCA,S,0.09,0.3
TAA,*,0.04,0.061538461538461535
TGA,*,0.65,1.0
TTG,L,0.13,0.30952380952380953
TCG,S,0.23,0.7666666666666667
TAG,*,0.3,0.4615384615384615
TGG,W,1.0,1.0
CTT,L,0.13,0.30952380952380953
CCT,P,0.15,0.36585365853658536
CAT,H,0.26,0.35135135135135137
CGT,R,0.15,0.3488372093023256
CTC,L,0.25,0.5952380952380952
CCC,P,0.22,0.5365853658536586
CAC,H,0.74,1.0
CGC,R,0.43,1.0
CTA,L,0.05,0.11904761904761905
CCA,P,0.22,0.5365853658536586
CAA,Q,0.17,0.20481927710843376
CGA,R,0.12,0.27906976744186046
CTG,L,0.42,1.0
CCG,P,0.41,1.0
CAG,Q,0.83,1.0
CGG,R,0.18,0.41860465116279066
ATT,I,0.35,0.648148148148148
ACT,T,0.13,0.3333333333333333
AAT,N,0.23,0.2987012987012987
AGT,S,0.08,0.26666666666666666
ATC,I,0.54,1.0
ACC,T,0.28,0.717948717948718
AAC,N,0.77,1.0
AGC,S,0.3,1.0
ATA,I,0.11,0.2037037037037037
ACA,T,0.2,0.5128205128205129
AAA,K,0.18,0.21951219512195122
AGA,R,0.03,0.06976744186046512
ATG,M,1.0,1.0
ACG,T,0.39,1.0
AAG,K,0.82,1.0
AGG,R,0.08,0.18604651162790697
GTT,V,0.12,0.22641509433962262
GCT,A,0.16,0.41025641025641024
GAT,D,0.32,0.47058823529411764
GGT,G,0.21,0.4468085106382979
GTC,V,0.27,0.5094339622641509
GCC,A,0.29,0.7435897435897435
GAC,D,0.68,1.0
GGC,G,0.47,1.0
GTA,V,0.08,0.1509433962264151
GCA,A,0.17,0.4358974358974359
GAA,E,0.2,0.25
GGA,G,0.12,0.2553191489361702
GTG,V,0.53,1.0
GCG,A,0.39,1.0
GAG,E,0.8,1.0
GGG,G,0.19,0.4042553191489362
