Codon,AA,Frequency,Relative_Freq
TTT,F,0.46,0.8518518518518519
TCT,S,0.17,0.3541666666666667
TAT,Y,0.52,1.0
TGT,C,0.44,0.7857142857142857
TTC,F,0.54,1.0
TCC,S,0.18,0.375
TAC,Y,0.48,0.923076923076923
TGC,C,0.56,1.0
TTA,L,0.23,0.5227272727272727
TCA,S,0.48,1.0
TAA,*,0.11,0.12790697674418605
TGA,*,0.86,1.0
TTG,L,0.03,0.06818181818181818
TCG,S,0.01,0.020833333333333336
TAG,*,0.03,0.03488372093023256
TGG,W,1.0,1.0
CTT,L,0.14,0.31818181818181823
CCT,P,0.16,0.24615384615384614
CAT,H,0.32,0.47058823529411764
CGT,R,0.14,0.2692307692307693
CTC,L,0.11,0.25
CCC,P,0.17,0.26153846153846155
CAC,H,0.68,1.0
CGC,R,0.28,0.5384615384615385
CTA,L,0.44,1.0
CCA,P,0.65,1.0
CAA,Q,0.95,1.0
CGA,R,0.52,1.0
CTG,L,0.05,0.11363636363636365
CCG,P,0.01,0.015384615384615384
CAG,Q,0.05,0.052631578947368425
CGG,R,0.05,0.09615384615384616
ATT,I,0.39,1.0
ACT,T,0.21,0.4117647058823529
AAT,N,0.38,0.6129032258064516
AGT,S,0.04,0.08333333333333334
ATC,I,0.23,0.5897435897435898
ACC,T,0.25,0.49019607843137253
AAC,N,0.62,1.0
AGC,S,0.12,0.25
ATA,I,0.38,0.9743589743589743
ACA,T,0.51,1.0
AAA,K,0.99,1.0
AGA,R,0.0,0.0
ATG,M,1.0,1.0
ACG,T,0.03,0.058823529411764705
AAG,K,0.01,0.010101010101010102
AGG,R,0.0,0.0
GTT,V,0.32,0.7441860465116279
GCT,A,0.21,0.5
GAT,D,0.43,0.7543859649122807
GGT,G,0.15,0.28846153846153844
GTC,V,0.17,0.39534883720930236
GCC,A,0.34,0.8095238095238096
GAC,D,0.57,1.0
GGC,G,0.19,0.36538461538461536
GTA,V,0.43,1.0
GCA,A,0.42,1.0
GAA,E,0.85,1.0
GGA,G,0.52,1.0
GTG,V,0.08,0.18604651162790697
GCG,A,0.03,0.07142857142857142
GAG,E,0.15,0.17647058823529413
GGG,G,0.15,0.28846153846153844
