Codon,AA,Frequency,Relative_Freq
TTT,F,0.62,1.0
TCT,S,0.27,1.0
TAT,Y,0.73,1.0
TGT,C,0.67,1.0
TTC,F,0.38,0.6129032258064516
TCC,S,0.2,0.7407407407407407
TAC,Y,0.27,0.36986301369863017
TGC,C,0.33,0.4925373134328358
TTA,L,0.31,1.0
TCA,S,0.17,0.6296296296296297
TAA,*,0.42,1.0
TGA,*,0.27,0.6428571428571429
TTG,L,0.18,0.5806451612903225
TCG,S,0.09,0.3333333333333333
TAG,*,0.31,0.7380952380952381
TGG,W,1.0,1.0
CTT,L,0.22,0.7096774193548387
CCT,P,0.39,1.0
CAT,H,0.72,1.0
CGT,R,0.22,0.7586206896551725
CTC,L,0.09,0.29032258064516125
CCC,P,0.23,0.5897435897435898
CAC,H,0.28,0.38888888888888895
CGC,R,0.1,0.3448275862068966
CTA,L,0.14,0.4516129032258065
CCA,P,0.25,0.641025641025641
CAA,Q,0.73,1.0
CGA,R,0.19,0.6551724137931035
CTG,L,0.06,0.1935483870967742
CCG,P,0.14,0.358974358974359
CAG,Q,0.27,0.36986301369863017
CGG,R,0.08,0.2758620689655173
ATT,I,0.5,1.0
ACT,T,0.44,1.0
AAT,N,0.69,1.0
AGT,S,0.2,0.7407407407407407
ATC,I,0.22,0.44
ACC,T,0.21,0.47727272727272724
AAC,N,0.31,0.44927536231884063
AGC,S,0.07,0.25925925925925924
ATA,I,0.28,0.56
ACA,T,0.26,0.5909090909090909
AAA,K,0.67,1.0
AGA,R,0.29,1.0
ATG,M,1.0,1.0
ACG,T,0.1,0.2272727272727273
AAG,K,0.33,0.4925373134328358
AGG,R,0.11,0.37931034482758624
GTT,V,0.37,1.0
GCT,A,0.43,1.0
GAT,D,0.74,1.0
GGT,G,0.32,0.888888888888889
GTC,V,0.12,0.32432432432432434
GCC,A,0.15,0.3488372093023256
GAC,D,0.26,0.35135135135135137
GGC,G,0.11,0.3055555555555556
GTA,V,0.34,0.918918918918919
GCA,A,0.3,0.6976744186046512
GAA,E,0.69,1.0
GGA,G,0.36,1.0
GTG,V,0.16,0.43243243243243246
GCG,A,0.12,0.27906976744186046
GAG,E,0.31,0.44927536231884063
GGG,G,0.2,0.5555555555555556
