Codon,AA,Frequency,Relative_Freq
TTT,F,0.41,0.6949152542372882
TCT,S,0.16,0.380952380952381
TAT,Y,0.44,0.7857142857142857
TGT,C,0.36,0.5625
TTC,F,0.59,1.0
TCC,S,0.25,0.5952380952380952
TAC,Y,0.56,1.0
TGC,C,0.64,1.0
TTA,L,0.19,0.4042553191489362
TCA,S,0.42,1.0
TAA,*,0.11,0.12643678160919541
TGA,*,0.87,1.0
TTG,L,0.03,0.06382978723404255
TCG,S,0.01,0.02380952380952381
TAG,*,0.02,0.022988505747126436
TGG,W,1.0,1.0
CTT,L,0.14,0.29787234042553196
CCT,P,0.2,0.40816326530612246
CAT,H,0.34,0.5151515151515151
CGT,R,0.14,0.2545454545454546
CTC,L,0.15,0.3191489361702128
CCC,P,0.28,0.5714285714285715
CAC,H,0.66,1.0
CGC,R,0.24,0.4363636363636363
CTA,L,0.47,1.0
CCA,P,0.49,1.0
CAA,Q,0.94,1.0
CGA,R,0.55,1.0
CTG,L,0.02,0.04255319148936171
CCG,P,0.03,0.061224489795918366
CAG,Q,0.06,0.06382978723404255
CGG,R,0.06,0.10909090909090907
ATT,I,0.34,1.0
ACT,T,0.2,0.40816326530612246
AAT,N,0.34,0.5151515151515151
AGT,S,0.05,0.11904761904761905
ATC,I,0.32,0.9411764705882353
ACC,T,0.29,0.5918367346938775
AAC,N,0.66,1.0
AGC,S,0.13,0.30952380952380953
ATA,I,0.33,0.9705882352941176
ACA,T,0.49,1.0
AAA,K,0.95,1.0
AGA,R,0.0,0.0
ATG,M,1.0,1.0
ACG,T,0.02,0.04081632653061225
AAG,K,0.05,0.052631578947368425
AGG,R,0.0,0.0
GTT,V,0.14,0.2545454545454546
GCT,A,0.22,0.5116279069767442
GAT,D,0.33,0.4925373134328358
GGT,G,0.11,0.23913043478260868
GTC,V,0.23,0.41818181818181815
GCC,A,0.43,1.0
GAC,D,0.67,1.0
GGC,G,0.24,0.5217391304347826
GTA,V,0.55,1.0
GCA,A,0.32,0.7441860465116279
GAA,E,0.87,1.0
GGA,G,0.46,1.0
GTG,V,0.09,0.1636363636363636
GCG,A,0.03,0.06976744186046512
GAG,E,0.13,0.14942528735632185
GGG,G,0.18,0.3913043478260869
