Codon,AA,Frequency,Relative_Freq
TTT,F,0.49,0.9607843137254901
TCT,S,0.31,1.0
TAT,Y,0.49,0.9607843137254901
TGT,C,0.66,1.0
TTC,F,0.51,1.0
TCC,S,0.04,0.12903225806451613
TAC,Y,0.51,1.0
TGC,C,0.34,0.5151515151515151
TTA,L,0.21,1.0
TCA,S,0.17,0.5483870967741936
TAA,*,1.0,1.0
TGA,*,0.0,0.0
TTG,L,0.2,0.9523809523809524
TCG,S,0.15,0.48387096774193544
TAG,*,0.0,0.0
TGG,W,1.0,1.0
CTT,L,0.11,0.5238095238095238
CCT,P,0.33,0.868421052631579
CAT,H,0.51,1.0
CGT,R,0.18,0.6923076923076923
CTC,L,0.1,0.4761904761904762
CCC,P,0.21,0.5526315789473684
CAC,H,0.49,0.9607843137254901
CGC,R,0.15,0.5769230769230769
CTA,L,0.21,1.0
CCA,P,0.38,1.0
CAA,Q,0.5,1.0
CGA,R,0.11,0.4230769230769231
CTG,L,0.17,0.8095238095238096
CCG,P,0.09,0.23684210526315788
CAG,Q,0.5,1.0
CGG,R,0.09,0.34615384615384615
ATT,I,0.31,0.7209302325581396
ACT,T,0.44,1.0
AAT,N,0.45,0.8181818181818181
AGT,S,0.22,0.7096774193548387
ATC,I,0.26,0.6046511627906977
ACC,T,0.13,0.29545454545454547
AAC,N,0.55,1.0
AGC,S,0.1,0.32258064516129037
ATA,I,0.43,1.0
ACA,T,0.27,0.6136363636363636
AAA,K,0.46,0.8518518518518519
AGA,R,0.26,1.0
ATG,M,1.0,1.0
ACG,T,0.16,0.36363636363636365
AAG,K,0.54,1.0
AGG,R,0.2,0.7692307692307693
GTT,V,0.27,0.9310344827586208
GCT,A,0.37,1.0
GAT,D,0.6,1.0
GGT,G,0.35,1.0
GTC,V,0.2,0.6896551724137931
GCC,A,0.12,0.32432432432432434
GAC,D,0.4,0.6666666666666667
GGC,G,0.28,0.8000000000000002
GTA,V,0.29,1.0
GCA,A,0.3,0.8108108108108107
GAA,E,0.69,1.0
GGA,G,0.22,0.6285714285714287
GTG,V,0.24,0.8275862068965517
GCG,A,0.2,0.5405405405405406
GAG,E,0.31,0.44927536231884063
GGG,G,0.15,0.4285714285714286
