Codon,AA,Frequency,Relative_Freq
TTT,F,0.51,1.0
TCT,S,0.35,1.0
TAT,Y,0.74,1.0
TGT,C,0.98,1.0
TTC,F,0.49,0.9607843137254901
TCC,S,0.01,0.028571428571428574
TAC,Y,0.26,0.35135135135135137
TGC,C,0.02,0.020408163265306124
TTA,L,0.66,1.0
TCA,S,0.35,1.0
TAA,*,0.54,1.0
TGA,*,0.33,0.611111111111111
TTG,L,0.04,0.06060606060606061
TCG,S,0.0,0.0
TAG,*,0.12,0.2222222222222222
TGG,W,1.0,1.0
CTT,L,0.18,0.2727272727272727
CCT,P,0.51,1.0
CAT,H,0.78,1.0
CGT,R,0.06,0.0821917808219178
CTC,L,0.0,0.0
CCC,P,0.03,0.058823529411764705
CAC,H,0.22,0.28205128205128205
CGC,R,0.02,0.027397260273972605
CTA,L,0.1,0.15151515151515152
CCA,P,0.44,0.8627450980392157
CAA,Q,0.87,1.0
CGA,R,0.17,0.23287671232876714
CTG,L,0.01,0.015151515151515152
CCG,P,0.03,0.058823529411764705
CAG,Q,0.13,0.14942528735632185
CGG,R,0.0,0.0
ATT,I,0.57,1.0
ACT,T,0.54,1.0
AAT,N,0.87,1.0
AGT,S,0.24,0.6857142857142857
ATC,I,0.18,0.31578947368421056
ACC,T,0.03,0.05555555555555555
AAC,N,0.13,0.14942528735632185
AGC,S,0.05,0.14285714285714288
ATA,I,0.26,0.456140350877193
ACA,T,0.38,0.7037037037037037
AAA,K,0.88,1.0
AGA,R,0.73,1.0
ATG,M,1.0,1.0
ACG,T,0.05,0.09259259259259259
AAG,K,0.12,0.13636363636363635
AGG,R,0.03,0.0410958904109589
GTT,V,0.5,1.0
GCT,A,0.67,1.0
GAT,D,0.89,1.0
GGT,G,0.61,1.0
GTC,V,0.05,0.1
GCC,A,0.04,0.05970149253731343
GAC,D,0.11,0.12359550561797752
GGC,G,0.01,0.01639344262295082
GTA,V,0.42,0.84
GCA,A,0.24,0.3582089552238806
GAA,E,0.86,1.0
GGA,G,0.35,0.5737704918032787
GTG,V,0.03,0.06
GCG,A,0.04,0.05970149253731343
GAG,E,0.14,0.16279069767441862
GGG,G,0.03,0.04918032786885246
