Codon,AA,Frequency,Relative_Freq
TTT,F,0.95104,1.0
TCT,S,0.39,1.0
TAT,Y,0.94,1.0
TGT,C,0.93,1.0
TTC,F,0.05,0.052574024226110364
TCC,S,0.02,0.05128205128205128
TAC,Y,0.06,0.06382978723404255
TGC,C,0.07,0.07526881720430108
TTA,L,0.53,1.0
TCA,S,0.16,0.41025641025641024
TAA,*,0.07,0.08750000000000001
TGA,*,0.8,1.0
TTG,L,0.32,0.6037735849056604
TCG,S,0.04,0.10256410256410256
TAG,*,0.13,0.1625
TGG,W,1.0,1.0
CTT,L,0.09,0.16981132075471697
CCT,P,0.35,0.7777777777777777
CAT,H,0.65,1.0
CGT,R,0.29,0.9354838709677419
CTC,L,0.01,0.018867924528301886
CCC,P,0.01,0.022222222222222223
CAC,H,0.35,0.5384615384615384
CGC,R,0.03,0.0967741935483871
CTA,L,0.03,0.056603773584905655
CCA,P,0.45,1.0
CAA,Q,0.53,1.0
CGA,R,0.04,0.12903225806451613
CTG,L,0.03,0.056603773584905655
CCG,P,0.19,0.4222222222222222
CAG,Q,0.47,0.8867924528301886
CGG,R,0.05,0.16129032258064518
ATT,I,0.48,1.0
ACT,T,0.66,1.0
AAT,N,0.99,1.0
AGT,S,0.37,0.9487179487179487
ATC,I,0.04,0.08333333333333334
ACC,T,0.05,0.07575757575757576
AAC,N,0.01,0.010101010101010102
AGC,S,0.02,0.05128205128205128
ATA,I,0.48,1.0
ACA,T,0.19,0.28787878787878785
AAA,K,0.46,0.8518518518518519
AGA,R,0.27,0.870967741935484
ATG,M,1.0,1.0
ACG,T,0.09,0.13636363636363635
AAG,K,0.54,1.0
AGG,R,0.31,1.0
GTT,V,0.59,1.0
GCT,A,0.75,1.0
GAT,D,0.93,1.0
GGT,G,0.72,1.0
GTC,V,0.07,0.11864406779661019
GCC,A,0.08,0.10666666666666667
GAC,D,0.07,0.07526881720430108
GGC,G,0.02,0.02777777777777778
GTA,V,0.21,0.3559322033898305
GCA,A,0.15,0.19999999999999998
GAA,E,0.35,0.5384615384615384
GGA,G,0.11,0.1527777777777778
GTG,V,0.13,0.22033898305084748
GCG,A,0.02,0.02666666666666667
GAG,E,0.65,1.0
GGG,G,0.14,0.19444444444444448
