Codon,AA,Frequency,Relative_Freq
TTT,F,0.96,1.0
TCT,S,0.28,0.823529411764706
TAT,Y,0.92,1.0
TGT,C,0.95,1.0
TTC,F,0.04,0.04166666666666667
TCC,S,0.01,0.029411764705882353
TAC,Y,0.08,0.08695652173913043
TGC,C,0.05,0.052631578947368425
TTA,L,0.66118,1.0
TCA,S,0.19,0.5588235294117647
TAA,*,0.54,1.0
TGA,*,0.41,0.7592592592592592
TTG,L,0.23,0.34786291176381623
TCG,S,0.05,0.14705882352941177
TAG,*,0.05,0.09259259259259259
TGG,W,1.0,1.0
CTT,L,0.07,0.10587132097159625
CCT,P,0.44,1.0
CAT,H,0.93,1.0
CGT,R,0.29,1.0
CTC,L,0.0,0.0
CCC,P,0.13,0.29545454545454547
CAC,H,0.07,0.07526881720430108
CGC,R,0.0,0.0
CTA,L,0.02,0.0302489488490275
CCA,P,0.23,0.5227272727272727
CAA,Q,0.1,0.11111111111111112
CGA,R,0.02,0.06896551724137932
CTG,L,0.02,0.0302489488490275
CCG,P,0.2,0.4545454545454546
CAG,Q,0.9,1.0
CGG,R,0.14,0.48275862068965525
ATT,I,0.31,0.5
ACT,T,0.49,1.0
AAT,N,0.96,1.0
AGT,S,0.34,1.0
ATC,I,0.06,0.0967741935483871
ACC,T,0.01,0.020408163265306124
AAC,N,0.04,0.04166666666666667
AGC,S,0.13,0.38235294117647056
ATA,I,0.62,1.0
ACA,T,0.08,0.163265306122449
AAA,K,0.58,1.0
AGA,R,0.25,0.8620689655172414
ATG,M,1.0,1.0
ACG,T,0.42,0.8571428571428571
AAG,K,0.42,0.7241379310344828
AGG,R,0.29,1.0
GTT,V,0.41,1.0
GCT,A,0.76,1.0
GAT,D,0.99,1.0
GGT,G,0.68,1.0
GTC,V,0.02,0.04878048780487805
GCC,A,0.03,0.039473684210526314
GAC,D,0.01,0.010101010101010102
GGC,G,0.01,0.014705882352941176
GTA,V,0.36,0.8780487804878049
GCA,A,0.15,0.19736842105263158
GAA,E,0.29,0.4084507042253521
GGA,G,0.15,0.2205882352941176
GTG,V,0.21,0.5121951219512195
GCG,A,0.06,0.07894736842105263
GAG,E,0.71,1.0
GGG,G,0.15,0.2205882352941176
