Codon,AA,Frequency,Relative_Freq
TTT,F,0.64,1.0
TCT,S,0.35,1.0
TAT,Y,0.79,1.0
TGT,C,0.82,1.0
TTC,F,0.36,0.5625
TCC,S,0.18,0.5142857142857143
TAC,Y,0.21,0.26582278481012656
TGC,C,0.18,0.21951219512195122
TTA,L,0.34,1.0
TCA,S,0.1,0.28571428571428575
TAA,*,0.56,1.0
TGA,*,0.31,0.5535714285714285
TTG,L,0.2,0.5882352941176471
TCG,S,0.04,0.1142857142857143
TAG,*,0.12,0.21428571428571425
TGG,W,1.0,1.0
CTT,L,0.19,0.5588235294117647
CCT,P,0.45,1.0
CAT,H,0.62,1.0
CGT,R,0.32,1.0
CTC,L,0.04,0.11764705882352941
CCC,P,0.2,0.4444444444444445
CAC,H,0.38,0.6129032258064516
CGC,R,0.08,0.25
CTA,L,0.18,0.5294117647058822
CCA,P,0.25,0.5555555555555556
CAA,Q,0.79,1.0
CGA,R,0.17,0.53125
CTG,L,0.05,0.14705882352941177
CCG,P,0.11,0.24444444444444444
CAG,Q,0.21,0.26582278481012656
CGG,R,0.05,0.15625
ATT,I,0.54,1.0
ACT,T,0.46,1.0
AAT,N,0.67,1.0
AGT,S,0.28,0.8000000000000002
ATC,I,0.23,0.42592592592592593
ACC,T,0.25,0.5434782608695652
AAC,N,0.33,0.4925373134328358
AGC,S,0.05,0.14285714285714288
ATA,I,0.22,0.4074074074074074
ACA,T,0.2,0.43478260869565216
AAA,K,0.75,1.0
AGA,R,0.28,0.8750000000000001
ATG,M,1.0,1.0
ACG,T,0.09,0.19565217391304346
AAG,K,0.25,0.3333333333333333
AGG,R,0.1,0.3125
GTT,V,0.37,0.9024390243902439
GCT,A,0.55,1.0
GAT,D,0.74,1.0
GGT,G,0.4,1.0
GTC,V,0.1,0.24390243902439027
GCC,A,0.14,0.2545454545454546
GAC,D,0.26,0.35135135135135137
GGC,G,0.13,0.325
GTA,V,0.41,1.0
GCA,A,0.25,0.45454545454545453
GAA,E,0.74,1.0
GGA,G,0.34,0.85
GTG,V,0.13,0.3170731707317073
GCG,A,0.07,0.1272727272727273
GAG,E,0.26,0.35135135135135137
GGG,G,0.14,0.35000000000000003
