Codon,AA,Frequency,Relative_Freq
TTT,F,0.6,1.0
TCT,S,0.2,0.8333333333333334
TAT,Y,0.51,1.0
TGT,C,0.67,1.0
TTC,F,0.4,0.6666666666666667
TCC,S,0.1,0.4166666666666667
TAC,Y,0.49,0.9607843137254901
TGC,C,0.33,0.4925373134328358
TTA,L,0.21,0.84
TCA,S,0.17,0.7083333333333334
TAA,*,0.28,0.56
TGA,*,0.5,1.0
TTG,L,0.25,1.0
TCG,S,0.1,0.4166666666666667
TAG,*,0.22,0.44
TGG,W,1.0,1.0
CTT,L,0.23,0.92
CCT,P,0.33,1.0
CAT,H,0.6,1.0
CGT,R,0.12,0.41379310344827586
CTC,L,0.1,0.4
CCC,P,0.1,0.30303030303030304
CAC,H,0.4,0.6666666666666667
CGC,R,0.05,0.1724137931034483
CTA,L,0.11,0.44
CCA,P,0.33,1.0
CAA,Q,0.56,1.0
CGA,R,0.15,0.5172413793103449
CTG,L,0.1,0.4
CCG,P,0.24,0.7272727272727272
CAG,Q,0.44,0.7857142857142857
CGG,R,0.12,0.41379310344827586
ATT,I,0.43,1.0
ACT,T,0.37,1.0
AAT,N,0.6,1.0
AGT,S,0.24,1.0
ATC,I,0.27,0.627906976744186
ACC,T,0.17,0.4594594594594595
AAC,N,0.4,0.6666666666666667
AGC,S,0.19,0.7916666666666667
ATA,I,0.3,0.6976744186046512
ACA,T,0.25,0.6756756756756757
AAA,K,0.49,0.9607843137254901
AGA,R,0.28,0.9655172413793105
ATG,M,1.0,1.0
ACG,T,0.22,0.5945945945945946
AAG,K,0.51,1.0
AGG,R,0.29,1.0
GTT,V,0.34,1.0
GCT,A,0.42,1.0
GAT,D,0.62,1.0
GGT,G,0.31,1.0
GTC,V,0.26,0.7647058823529411
GCC,A,0.12,0.2857142857142857
GAC,D,0.38,0.6129032258064516
GGC,G,0.18,0.5806451612903225
GTA,V,0.17,0.5
GCA,A,0.35,0.8333333333333333
GAA,E,0.57,1.0
GGA,G,0.31,1.0
GTG,V,0.22,0.6470588235294117
GCG,A,0.11,0.2619047619047619
GAG,E,0.43,0.7543859649122807
GGG,G,0.19,0.6129032258064516
