Codon,AA,Frequency,Relative_Freq
TTT,F,0.95103,1.0
TCT,S,0.39,1.0
TAT,Y,0.9,1.0
TGT,C,0.97,1.0
TTC,F,0.05,0.052574577037527735
TCC,S,0.0,0.0
TAC,Y,0.1,0.11111111111111112
TGC,C,0.03,0.030927835051546393
TTA,L,0.51,1.0
TCA,S,0.18,0.4615384615384615
TAA,*,0.07,0.08045977011494254
TGA,*,0.87,1.0
TTG,L,0.35,0.6862745098039215
TCG,S,0.07,0.1794871794871795
TAG,*,0.07,0.08045977011494254
TGG,W,1.0,1.0
CTT,L,0.09,0.1764705882352941
CCT,P,0.54,1.0
CAT,H,0.94,1.0
CGT,R,0.4,1.0
CTC,L,0.0,0.0
CCC,P,0.02,0.037037037037037035
CAC,H,0.06,0.06382978723404255
CGC,R,0.0,0.0
CTA,L,0.04,0.0784313725490196
CCA,P,0.34,0.6296296296296297
CAA,Q,0.6,1.0
CGA,R,0.09,0.22499999999999998
CTG,L,0.01,0.0196078431372549
CCG,P,0.1,0.18518518518518517
CAG,Q,0.4,0.6666666666666667
CGG,R,0.03,0.075
ATT,I,0.55,1.0
ACT,T,0.62,1.0
AAT,N,0.96,1.0
AGT,S,0.33,0.8461538461538461
ATC,I,0.05,0.09090909090909091
ACC,T,0.03,0.04838709677419355
AAC,N,0.04,0.04166666666666667
AGC,S,0.03,0.07692307692307691
ATA,I,0.4,0.7272727272727273
ACA,T,0.21,0.3387096774193548
AAA,K,0.51,1.0
AGA,R,0.32,0.7999999999999999
ATG,M,1.0,1.0
ACG,T,0.13,0.20967741935483872
AAG,K,0.49,0.9607843137254901
AGG,R,0.15,0.37499999999999994
GTT,V,0.49,1.0
GCT,A,0.7,1.0
GAT,D,0.99,1.0
GGT,G,0.51,1.0
GTC,V,0.03,0.061224489795918366
GCC,A,0.07,0.10000000000000002
GAC,D,0.01,0.010101010101010102
GGC,G,0.04,0.0784313725490196
GTA,V,0.27,0.5510204081632654
GCA,A,0.14,0.20000000000000004
GAA,E,0.46,0.8518518518518519
GGA,G,0.22,0.43137254901960786
GTG,V,0.2,0.40816326530612246
GCG,A,0.09,0.1285714285714286
GAG,E,0.54,1.0
GGG,G,0.23,0.45098039215686275
