Codon,AA,Frequency,Relative_Freq
TTT,F,0.23,0.2987012987012987
TCT,S,0.13,0.46428571428571425
TAT,Y,0.2,0.25
TGT,C,0.31,0.44927536231884063
TTC,F,0.77,1.0
TCC,S,0.28,1.0
TAC,Y,0.8,1.0
TGC,C,0.69,1.0
TTA,L,0.01,0.021276595744680854
TCA,S,0.11,0.39285714285714285
TAA,*,0.5,1.0
TGA,*,0.0,0.0
TTG,L,0.17,0.3617021276595745
TCG,S,0.24,0.857142857142857
TAG,*,0.5,1.0
TGG,W,1.0,1.0
CTT,L,0.08,0.17021276595744683
CCT,P,0.21,0.47727272727272724
CAT,H,0.29,0.4084507042253521
CGT,R,0.22,0.5116279069767442
CTC,L,0.47,1.0
CCC,P,0.15,0.3409090909090909
CAC,H,0.71,1.0
CGC,R,0.43,1.0
CTA,L,0.08,0.17021276595744683
CCA,P,0.44,1.0
CAA,Q,0.61,1.0
CGA,R,0.09,0.20930232558139533
CTG,L,0.18,0.3829787234042553
CCG,P,0.21,0.47727272727272724
CAG,Q,0.39,0.639344262295082
CGG,R,0.13,0.3023255813953489
ATT,I,0.24,0.3529411764705882
ACT,T,0.22,0.46808510638297873
AAT,N,0.12,0.13636363636363635
AGT,S,0.04,0.14285714285714285
ATC,I,0.68,1.0
ACC,T,0.47,1.0
AAC,N,0.88,1.0
AGC,S,0.2,0.7142857142857143
ATA,I,0.08,0.11764705882352941
ACA,T,0.16,0.34042553191489366
AAA,K,0.04,0.04166666666666667
AGA,R,0.0,0.0
ATG,M,1.0,1.0
ACG,T,0.14,0.29787234042553196
AAG,K,0.96,1.0
AGG,R,0.13,0.3023255813953489
GTT,V,0.15,0.3191489361702128
GCT,A,0.06,0.12244897959183673
GAT,D,0.17,0.20481927710843376
GGT,G,0.21,0.3818181818181818
GTC,V,0.36,0.7659574468085106
GCC,A,0.49,1.0
GAC,D,0.83,1.0
GGC,G,0.55,1.0
GTA,V,0.02,0.04255319148936171
GCA,A,0.22,0.4489795918367347
GAA,E,0.23,0.2987012987012987
GGA,G,0.06,0.10909090909090907
GTG,V,0.47,1.0
GCG,A,0.24,0.4897959183673469
GAG,E,0.77,1.0
GGG,G,0.18,0.3272727272727272
