Codon,AA,Frequency,Relative_Freq
TTT,F,1.0,1.0
TCT,S,0.07,0.19444444444444448
TAT,Y,0.8,1.0
TGT,C,1.0,1.0
TTC,F,0.0,0.0
TCC,S,0.29,0.8055555555555556
TAC,Y,0.2,0.25
TGC,C,0.0,0.0
TTA,L,0.41,1.0
TCA,S,0.14,0.38888888888888895
TAA,*,0.0,0.0
TGA,*,0.5,1.0
TTG,L,0.18,0.43902439024390244
TCG,S,0.14,0.38888888888888895
TAG,*,0.5,1.0
TGG,W,1.0,1.0
CTT,L,0.14,0.34146341463414637
CCT,P,0.45,1.0
CAT,H,0.6,1.0
CGT,R,0.6,1.0
CTC,L,0.05,0.12195121951219513
CCC,P,0.18,0.39999999999999997
CAC,H,0.4,0.6666666666666667
CGC,R,0.0,0.0
CTA,L,0.14,0.34146341463414637
CCA,P,0.09,0.19999999999999998
CAA,Q,0.83,1.0
CGA,R,0.3,0.5
CTG,L,0.09,0.21951219512195122
CCG,P,0.27,0.6
CAG,Q,0.17,0.20481927710843376
CGG,R,0.0,0.0
ATT,I,0.5,1.0
ACT,T,0.5,1.0
AAT,N,0.0,0.0
AGT,S,0.36,1.0
ATC,I,0.14,0.28
ACC,T,0.17,0.34
AAC,N,1.0,1.0
AGC,S,0.0,0.0
ATA,I,0.36,0.72
ACA,T,0.28,0.56
AAA,K,0.83,1.0
AGA,R,0.1,0.16666666666666669
ATG,M,1.0,1.0
ACG,T,0.06,0.12
AAG,K,0.17,0.20481927710843376
AGG,R,0.0,0.0
GTT,V,0.29,0.763157894736842
GCT,A,0.46,1.0
GAT,D,1.0,1.0
GGT,G,0.56,1.0
GTC,V,0.17,0.4473684210526316
GCC,A,0.15,0.3260869565217391
GAC,D,0.0,0.0
GGC,G,0.12,0.21428571428571425
GTA,V,0.38,1.0
GCA,A,0.38,0.8260869565217391
GAA,E,0.62,1.0
GGA,G,0.19,0.33928571428571425
GTG,V,0.17,0.4473684210526316
GCG,A,0.0,0.0
GAG,E,0.38,0.6129032258064516
GGG,G,0.12,0.21428571428571425
